{"assetIndex": {"id": "1.12", "sha1": "1584b57c1a0b5e593fad1f5b8f78536ca640547b", "size": 143138, "totalSize": 129336389, "url": "https://launchermeta.mojang.com/v1/packages/1584b57c1a0b5e593fad1f5b8f78536ca640547b/1.12.json"}, "assets": "1.12", "downloads": {"client": {"sha1": "0f275bc1547d01fa5f56ba34bdc87d981ee12daf", "size": 10180113, "url": "https://launcher.mojang.com/v1/objects/0f275bc1547d01fa5f56ba34bdc87d981ee12daf/client.jar"}, "server": {"sha1": "886945bfb2b978778c3a0288fd7fab09d315b25f", "size": 30222121, "url": "https://launcher.mojang.com/v1/objects/886945bfb2b978778c3a0288fd7fab09d315b25f/server.jar"}}, "id": "release", "libraries": [{"downloads": {"artifact": {"path": "com/mojang/patchy/1.1/patchy-1.1.jar", "sha1": "aef610b34a1be37fa851825f12372b78424d8903", "size": 15817, "url": "https://libraries.minecraft.net/com/mojang/patchy/1.1/patchy-1.1.jar"}}, "name": "com.mojang:patchy:1.1"}, {"downloads": {"artifact": {"path": "oshi-project/oshi-core/1.1/oshi-core-1.1.jar", "sha1": "9ddf7b048a8d701be231c0f4f95fd986198fd2d8", "size": 30973, "url": "https://libraries.minecraft.net/oshi-project/oshi-core/1.1/oshi-core-1.1.jar"}}, "name": "oshi-project:oshi-core:1.1"}, {"downloads": {"artifact": {"path": "net/java/dev/jna/jna/4.4.0/jna-4.4.0.jar", "sha1": "cb208278274bf12ebdb56c61bd7407e6f774d65a", "size": 1091208, "url": "https://libraries.minecraft.net/net/java/dev/jna/jna/4.4.0/jna-4.4.0.jar"}}, "name": "net.java.dev.jna:jna:4.4.0"}, {"downloads": {"artifact": {"path": "net/java/dev/jna/platform/3.4.0/platform-3.4.0.jar", "sha1": "e3f70017be8100d3d6923f50b3d2ee17714e9c13", "size": 913436, "url": "https://libraries.minecraft.net/net/java/dev/jna/platform/3.4.0/platform-3.4.0.jar"}}, "name": "net.java.dev.jna:platform:3.4.0"}, {"downloads": {"artifact": {"path": "com/ibm/icu/icu4j-core-mojang/51.2/icu4j-core-mojang-51.2.jar", "sha1": "63d216a9311cca6be337c1e458e587f99d382b84", "size": 1634692, "url": "https://libraries.minecraft.net/com/ibm/icu/icu4j-core-mojang/51.2/icu4j-core-mojang-51.2.jar"}}, "name": "com.ibm.icu:icu4j-core-mojang:51.2"}, {"downloads": {"artifact": {"path": "net/sf/jopt-simple/jopt-simple/5.0.3/jopt-simple-5.0.3.jar", "sha1": "cdd846cfc4e0f7eefafc02c0f5dce32b9303aa2a", "size": 78175, "url": "https://libraries.minecraft.net/net/sf/jopt-simple/jopt-simple/5.0.3/jopt-simple-5.0.3.jar"}}, "name": "net.sf.jopt-simple:jopt-simple:5.0.3"}, {"downloads": {"artifact": {"path": "com/paulscode/codecjorbis/20101023/codecjorbis-20101023.jar", "sha1": "c73b5636faf089d9f00e8732a829577de25237ee", "size": 103871, "url": "https://libraries.minecraft.net/com/paulscode/codecjorbis/20101023/codecjorbis-20101023.jar"}}, "name": "com.paulscode:codecjorbis:20101023"}, {"downloads": {"artifact": {"path": "com/paulscode/codecwav/20101023/codecwav-20101023.jar", "sha1": "12f031cfe88fef5c1dd36c563c0a3a69bd7261da", "size": 5618, "url": "https://libraries.minecraft.net/com/paulscode/codecwav/20101023/codecwav-20101023.jar"}}, "name": "com.paulscode:codecwav:20101023"}, {"downloads": {"artifact": {"path": "com/paulscode/libraryjavasound/20101123/libraryjavasound-20101123.jar", "sha1": "5c5e304366f75f9eaa2e8cca546a1fb6109348b3", "size": 21679, "url": "https://libraries.minecraft.net/com/paulscode/libraryjavasound/20101123/libraryjavasound-20101123.jar"}}, "name": "com.paulscode:libraryjavasound:20101123"}, {"downloads": {"artifact": {"path": "com/paulscode/librarylwjglopenal/20100824/librarylwjglopenal-20100824.jar", "sha1": "73e80d0794c39665aec3f62eee88ca91676674ef", "size": 18981, "url": "https://libraries.minecraft.net/com/paulscode/librarylwjglopenal/20100824/librarylwjglopenal-20100824.jar"}}, "name": "com.paulscode:librarylwjglopenal:20100824"}, {"downloads": {"artifact": {"path": "com/paulscode/soundsystem/20120107/soundsystem-20120107.jar", "sha1": "419c05fe9be71f792b2d76cfc9b67f1ed0fec7f6", "size": 65020, "url": "https://libraries.minecraft.net/com/paulscode/soundsystem/20120107/soundsystem-20120107.jar"}}, "name": "com.paulscode:soundsystem:20120107"}, {"downloads": {"artifact": {"path": "io/netty/netty-all/4.1.9.Final/netty-all-4.1.9.Final.jar", "sha1": "0097860965d6a0a6b98e7f569f3f966727b8db75", "size": 3511093, "url": "https://libraries.minecraft.net/io/netty/netty-all/4.1.9.Final/netty-all-4.1.9.Final.jar"}}, "name": "io.netty:netty-all:4.1.9.Final"}, {"downloads": {"artifact": {"path": "com/google/guava/guava/21.0/guava-21.0.jar", "sha1": "3a3d111be1be1b745edfa7d91678a12d7ed38709", "size": 2521113, "url": "https://libraries.minecraft.net/com/google/guava/guava/21.0/guava-21.0.jar"}}, "name": "com.google.guava:guava:21.0"}, {"downloads": {"artifact": {"path": "org/apache/commons/commons-lang3/3.5/commons-lang3-3.5.jar", "sha1": "6c6c702c89bfff3cd9e80b04d668c5e190d588c6", "size": 479881, "url": "https://libraries.minecraft.net/org/apache/commons/commons-lang3/3.5/commons-lang3-3.5.jar"}}, "name": "org.apache.commons:commons-lang3:3.5"}, {"downloads": {"artifact": {"path": "commons-io/commons-io/2.5/commons-io-2.5.jar", "sha1": "2852e6e05fbb95076fc091f6d1780f1f8fe35e0f", "size": 208700, "url": "https://libraries.minecraft.net/commons-io/commons-io/2.5/commons-io-2.5.jar"}}, "name": "commons-io:commons-io:2.5"}, {"downloads": {"artifact": {"path": "commons-codec/commons-codec/1.10/commons-codec-1.10.jar", "sha1": "4b95f4897fa13f2cd904aee711aeafc0c5295cd8", "size": 284184, "url": "https://libraries.minecraft.net/commons-codec/commons-codec/1.10/commons-codec-1.10.jar"}}, "name": "commons-codec:commons-codec:1.10"}, {"downloads": {"artifact": {"path": "net/java/jinput/jinput/2.0.5/jinput-2.0.5.jar", "sha1": "39c7796b469a600f72380316f6b1f11db6c2c7c4", "size": 208338, "url": "https://libraries.minecraft.net/net/java/jinput/jinput/2.0.5/jinput-2.0.5.jar"}}, "name": "net.java.jinput:jinput:2.0.5"}, {"downloads": {"artifact": {"path": "net/java/jutils/jutils/1.0.0/jutils-1.0.0.jar", "sha1": "e12fe1fda814bd348c1579329c86943d2cd3c6a6", "size": 7508, "url": "https://libraries.minecraft.net/net/java/jutils/jutils/1.0.0/jutils-1.0.0.jar"}}, "name": "net.java.jutils:jutils:1.0.0"}, {"downloads": {"artifact": {"path": "com/google/code/gson/gson/2.8.0/gson-2.8.0.jar", "sha1": "c4ba5371a29ac9b2ad6129b1d39ea38750043eff", "size": 231952, "url": "https://libraries.minecraft.net/com/google/code/gson/gson/2.8.0/gson-2.8.0.jar"}}, "name": "com.google.code.gson:gson:2.8.0"}, {"downloads": {"artifact": {"path": "com/mojang/authlib/1.5.25/authlib-1.5.25.jar", "sha1": "9834cdf236c22e84b946bba989e2f94ef5897c3c", "size": 65621, "url": "https://libraries.minecraft.net/com/mojang/authlib/1.5.25/authlib-1.5.25.jar"}}, "name": "com.mojang:authlib:1.5.25"}, {"downloads": {"artifact": {"path": "com/mojang/realms/1.10.22/realms-1.10.22.jar", "sha1": "bd0dccebdf3744c75f1ca20063f16e8f7d5e663f", "size": 7135057, "url": "https://libraries.minecraft.net/com/mojang/realms/1.10.22/realms-1.10.22.jar"}}, "name": "com.mojang:realms:1.10.22"}, {"downloads": {"artifact": {"path": "org/apache/commons/commons-compress/1.8.1/commons-compress-1.8.1.jar", "sha1": "a698750c16740fd5b3871425f4cb3bbaa87f529d", "size": 365552, "url": "https://libraries.minecraft.net/org/apache/commons/commons-compress/1.8.1/commons-compress-1.8.1.jar"}}, "name": "org.apache.commons:commons-compress:1.8.1"}, {"downloads": {"artifact": {"path": "org/apache/httpcomponents/httpclient/4.3.3/httpclient-4.3.3.jar", "sha1": "18f4247ff4572a074444572cee34647c43e7c9c7", "size": 589512, "url": "https://libraries.minecraft.net/org/apache/httpcomponents/httpclient/4.3.3/httpclient-4.3.3.jar"}}, "name": "org.apache.httpcomponents:httpclient:4.3.3"}, {"downloads": {"artifact": {"path": "commons-logging/commons-logging/1.1.3/commons-logging-1.1.3.jar", "sha1": "f6f66e966c70a83ffbdb6f17a0919eaf7c8aca7f", "size": 62050, "url": "https://libraries.minecraft.net/commons-logging/commons-logging/1.1.3/commons-logging-1.1.3.jar"}}, "name": "commons-logging:commons-logging:1.1.3"}, {"downloads": {"artifact": {"path": "org/apache/httpcomponents/httpcore/4.3.2/httpcore-4.3.2.jar", "sha1": "31fbbff1ddbf98f3aa7377c94d33b0447c646b6e", "size": 282269, "url": "https://libraries.minecraft.net/org/apache/httpcomponents/httpcore/4.3.2/httpcore-4.3.2.jar"}}, "name": "org.apache.httpcomponents:httpcore:4.3.2"}, {"downloads": {"artifact": {"path": "it/unimi/dsi/fastutil/7.1.0/fastutil-7.1.0.jar", "sha1": "9835253257524c1be7ab50c057aa2d418fb72082", "size": 17655579, "url": "https://libraries.minecraft.net/it/unimi/dsi/fastutil/7.1.0/fastutil-7.1.0.jar"}}, "name": "it.unimi.dsi:fastutil:7.1.0"}, {"downloads": {"artifact": {"path": "org/apache/logging/log4j/log4j-api/2.8.1/log4j-api-2.8.1.jar", "sha1": "e801d13612e22cad62a3f4f3fe7fdbe6334a8e72", "size": 228859, "url": "https://libraries.minecraft.net/org/apache/logging/log4j/log4j-api/2.8.1/log4j-api-2.8.1.jar"}}, "name": "org.apache.logging.log4j:log4j-api:2.8.1"}, {"downloads": {"artifact": {"path": "org/apache/logging/log4j/log4j-core/2.8.1/log4j-core-2.8.1.jar", "sha1": "4ac28ff2f1ddf05dae3043a190451e8c46b73c31", "size": 1402925, "url": "https://libraries.minecraft.net/org/apache/logging/log4j/log4j-core/2.8.1/log4j-core-2.8.1.jar"}}, "name": "org.apache.logging.log4j:log4j-core:2.8.1"}, {"downloads": {"artifact": {"path": "org/lwjgl/lwjgl/lwjgl/2.9.4-nightly-20150209/lwjgl-2.9.4-nightly-20150209.jar", "sha1": "697517568c68e78ae0b4544145af031c81082dfe", "size": 1047168, "url": "https://libraries.minecraft.net/org/lwjgl/lwjgl/lwjgl/2.9.4-nightly-20150209/lwjgl-2.9.4-nightly-20150209.jar"}}, "name": "org.lwjgl.lwjgl:lwjgl:2.9.4-nightly-20150209", "rules": [{"action": "allow"}, {"action": "disallow", "os": {"name": "osx"}}]}, {"downloads": {"artifact": {"path": "org/lwjgl/lwjgl/lwjgl_util/2.9.4-nightly-20150209/lwjgl_util-2.9.4-nightly-20150209.jar", "sha1": "d51a7c040a721d13efdfbd34f8b257b2df882ad0", "size": 173887, "url": "https://libraries.minecraft.net/org/lwjgl/lwjgl/lwjgl_util/2.9.4-nightly-20150209/lwjgl_util-2.9.4-nightly-20150209.jar"}}, "name": "org.lwjgl.lwjgl:lwjgl_util:2.9.4-nightly-20150209", "rules": [{"action": "allow"}, {"action": "disallow", "os": {"name": "osx"}}]}, {"downloads": {"artifact": {"path": "org/lwjgl/lwjgl/lwjgl-platform/2.9.4-nightly-20150209/lwjgl-platform-2.9.4-nightly-20150209.jar", "sha1": "b04f3ee8f5e43fa3b162981b50bb72fe1acabb33", "size": 22, "url": "https://libraries.minecraft.net/org/lwjgl/lwjgl/lwjgl-platform/2.9.4-nightly-20150209/lwjgl-platform-2.9.4-nightly-20150209.jar"}, "classifiers": {"natives-linux": {"path": "org/lwjgl/lwjgl/lwjgl-platform/2.9.4-nightly-20150209/lwjgl-platform-2.9.4-nightly-20150209-natives-linux.jar", "sha1": "931074f46c795d2f7b30ed6395df5715cfd7675b", "size": 578680, "url": "https://libraries.minecraft.net/org/lwjgl/lwjgl/lwjgl-platform/2.9.4-nightly-20150209/lwjgl-platform-2.9.4-nightly-20150209-natives-linux.jar"}, "natives-osx": {"path": "org/lwjgl/lwjgl/lwjgl-platform/2.9.4-nightly-20150209/lwjgl-platform-2.9.4-nightly-20150209-natives-osx.jar", "sha1": "bcab850f8f487c3f4c4dbabde778bb82bd1a40ed", "size": 426822, "url": "https://libraries.minecraft.net/org/lwjgl/lwjgl/lwjgl-platform/2.9.4-nightly-20150209/lwjgl-platform-2.9.4-nightly-20150209-natives-osx.jar"}, "natives-windows": {"path": "org/lwjgl/lwjgl/lwjgl-platform/2.9.4-nightly-20150209/lwjgl-platform-2.9.4-nightly-20150209-natives-windows.jar", "sha1": "b84d5102b9dbfabfeb5e43c7e2828d98a7fc80e0", "size": 613748, "url": "https://libraries.minecraft.net/org/lwjgl/lwjgl/lwjgl-platform/2.9.4-nightly-20150209/lwjgl-platform-2.9.4-nightly-20150209-natives-windows.jar"}}}, "extract": {"exclude": ["META-INF/"]}, "name": "org.lwjgl.lwjgl:lwjgl-platform:2.9.4-nightly-20150209", "natives": {"linux": "natives-linux", "osx": "natives-osx", "windows": "natives-windows"}, "rules": [{"action": "allow"}, {"action": "disallow", "os": {"name": "osx"}}]}, {"downloads": {"artifact": {"path": "org/lwjgl/lwjgl/lwjgl/2.9.2-nightly-20140822/lwjgl-2.9.2-nightly-20140822.jar", "sha1": "7707204c9ffa5d91662de95f0a224e2f721b22af", "size": 1045632, "url": "https://libraries.minecraft.net/org/lwjgl/lwjgl/lwjgl/2.9.2-nightly-20140822/lwjgl-2.9.2-nightly-20140822.jar"}}, "name": "org.lwjgl.lwjgl:lwjgl:2.9.2-nightly-20140822", "rules": [{"action": "allow", "os": {"name": "osx"}}]}, {"downloads": {"artifact": {"path": "org/lwjgl/lwjgl/lwjgl_util/2.9.2-nightly-20140822/lwjgl_util-2.9.2-nightly-20140822.jar", "sha1": "f0e612c840a7639c1f77f68d72a28dae2f0c8490", "size": 173887, "url": "https://libraries.minecraft.net/org/lwjgl/lwjgl/lwjgl_util/2.9.2-nightly-20140822/lwjgl_util-2.9.2-nightly-20140822.jar"}}, "name": "org.lwjgl.lwjgl:lwjgl_util:2.9.2-nightly-20140822", "rules": [{"action": "allow", "os": {"name": "osx"}}]}, {"downloads": {"classifiers": {"natives-linux": {"path": "org/lwjgl/lwjgl/lwjgl-platform/2.9.2-nightly-20140822/lwjgl-platform-2.9.2-nightly-20140822-natives-linux.jar", "sha1": "d898a33b5d0a6ef3fed3a4ead506566dce6720a5", "size": 578539, "url": "https://libraries.minecraft.net/org/lwjgl/lwjgl/lwjgl-platform/2.9.2-nightly-20140822/lwjgl-platform-2.9.2-nightly-20140822-natives-linux.jar"}, "natives-osx": {"path": "org/lwjgl/lwjgl/lwjgl-platform/2.9.2-nightly-20140822/lwjgl-platform-2.9.2-nightly-20140822-natives-osx.jar", "sha1": "79f5ce2fea02e77fe47a3c745219167a542121d7", "size": 468116, "url": "https://libraries.minecraft.net/org/lwjgl/lwjgl/lwjgl-platform/2.9.2-nightly-20140822/lwjgl-platform-2.9.2-nightly-20140822-natives-osx.jar"}, "natives-windows": {"path": "org/lwjgl/lwjgl/lwjgl-platform/2.9.2-nightly-20140822/lwjgl-platform-2.9.2-nightly-20140822-natives-windows.jar", "sha1": "78b2a55ce4dc29c6b3ec4df8ca165eba05f9b341", "size": 613680, "url": "https://libraries.minecraft.net/org/lwjgl/lwjgl/lwjgl-platform/2.9.2-nightly-20140822/lwjgl-platform-2.9.2-nightly-20140822-natives-windows.jar"}}}, "extract": {"exclude": ["META-INF/"]}, "name": "org.lwjgl.lwjgl:lwjgl-platform:2.9.2-nightly-20140822", "natives": {"linux": "natives-linux", "osx": "natives-osx", "windows": "natives-windows"}, "rules": [{"action": "allow", "os": {"name": "osx"}}]}, {"downloads": {"classifiers": {"natives-linux": {"path": "net/java/jinput/jinput-platform/2.0.5/jinput-platform-2.0.5-natives-linux.jar", "sha1": "7ff832a6eb9ab6a767f1ade2b548092d0fa64795", "size": 10362, "url": "https://libraries.minecraft.net/net/java/jinput/jinput-platform/2.0.5/jinput-platform-2.0.5-natives-linux.jar"}, "natives-osx": {"path": "net/java/jinput/jinput-platform/2.0.5/jinput-platform-2.0.5-natives-osx.jar", "sha1": "53f9c919f34d2ca9de8c51fc4e1e8282029a9232", "size": 12186, "url": "https://libraries.minecraft.net/net/java/jinput/jinput-platform/2.0.5/jinput-platform-2.0.5-natives-osx.jar"}, "natives-windows": {"path": "net/java/jinput/jinput-platform/2.0.5/jinput-platform-2.0.5-natives-windows.jar", "sha1": "385ee093e01f587f30ee1c8a2ee7d408fd732e16", "size": 155179, "url": "https://libraries.minecraft.net/net/java/jinput/jinput-platform/2.0.5/jinput-platform-2.0.5-natives-windows.jar"}}}, "extract": {"exclude": ["META-INF/"]}, "name": "net.java.jinput:jinput-platform:2.0.5", "natives": {"linux": "natives-linux", "osx": "natives-osx", "windows": "natives-windows"}}, {"downloads": {"artifact": {"path": "com/mojang/text2speech/1.10.3/text2speech-1.10.3.jar", "sha1": "48fd510879dff266c3815947de66e3d4809f8668", "size": 11055, "url": "https://libraries.minecraft.net/com/mojang/text2speech/1.10.3/text2speech-1.10.3.jar"}}, "name": "com.mojang:text2speech:1.10.3"}, {"downloads": {"artifact": {"path": "com/mojang/text2speech/1.10.3/text2speech-1.10.3.jar", "sha1": "48fd510879dff266c3815947de66e3d4809f8668", "size": 11055, "url": "https://libraries.minecraft.net/com/mojang/text2speech/1.10.3/text2speech-1.10.3.jar"}, "classifiers": {"natives-linux": {"path": "com/mojang/text2speech/1.10.3/text2speech-1.10.3-natives-linux.jar", "sha1": "ab7896aec3b3dd272b06194357f2d98f832c0cfc", "size": 7833, "url": "https://libraries.minecraft.net/com/mojang/text2speech/1.10.3/text2speech-1.10.3-natives-linux.jar"}, "natives-windows": {"path": "com/mojang/text2speech/1.10.3/text2speech-1.10.3-natives-windows.jar", "sha1": "84a4b856389cc4f485275b1f63497a95a857a443", "size": 81217, "url": "https://libraries.minecraft.net/com/mojang/text2speech/1.10.3/text2speech-1.10.3-natives-windows.jar"}, "sources": {"path": "com/mojang/text2speech/1.10.3/text2speech-1.10.3-sources.jar", "sha1": "404339fe43d1011ee046a249b0ec7ae9ce04a834", "size": 4632, "url": "https://libraries.minecraft.net/com/mojang/text2speech/1.10.3/text2speech-1.10.3-sources.jar"}}}, "extract": {"exclude": ["META-INF/"]}, "name": "com.mojang:text2speech:1.10.3", "natives": {"linux": "natives-linux", "windows": "natives-windows"}}, {"downloads": {"artifact": {"path": "ca/weblite/java-objc-bridge/1.0.0/java-objc-bridge-1.0.0.jar", "sha1": "6ef160c3133a78de015830860197602ca1c855d3", "size": 40502, "url": "https://libraries.minecraft.net/ca/weblite/java-objc-bridge/1.0.0/java-objc-bridge-1.0.0.jar"}, "classifiers": {"javadoc": {"path": "ca/weblite/java-objc-bridge/1.0.0/java-objc-bridge-1.0.0-javadoc.jar", "sha1": "fb0092f22cb4fe8e631452f577b7a238778abf2a", "size": 174060, "url": "https://libraries.minecraft.net/ca/weblite/java-objc-bridge/1.0.0/java-objc-bridge-1.0.0-javadoc.jar"}, "natives-osx": {"path": "ca/weblite/java-objc-bridge/1.0.0/java-objc-bridge-1.0.0-natives-osx.jar", "sha1": "08befab4894d55875f33c3d300f4f71e6e828f64", "size": 5629, "url": "https://libraries.minecraft.net/ca/weblite/java-objc-bridge/1.0.0/java-objc-bridge-1.0.0-natives-osx.jar"}, "sources": {"path": "ca/weblite/java-objc-bridge/1.0.0/java-objc-bridge-1.0.0-sources.jar", "sha1": "865837a198189aee737019561ece842827f24278", "size": 43283, "url": "https://libraries.minecraft.net/ca/weblite/java-objc-bridge/1.0.0/java-objc-bridge-1.0.0-sources.jar"}}}, "extract": {"exclude": ["META-INF/"]}, "name": "ca.weblite:java-objc-bridge:1.0.0", "natives": {"osx": "natives-osx"}, "rules": [{"action": "allow", "os": {"name": "osx"}}]}, {"downloads": {"artifact": {"path": "ca/weblite/java-objc-bridge/1.0.0/java-objc-bridge-1.0.0.jar", "sha1": "6ef160c3133a78de015830860197602ca1c855d3", "size": 40502, "url": "https://libraries.minecraft.net/ca/weblite/java-objc-bridge/1.0.0/java-objc-bridge-1.0.0.jar"}}, "name": "ca.weblite:java-objc-bridge:1.0.0", "rules": [{"action": "allow", "os": {"name": "osx"}}]}], "logging": {"client": {"argument": "-Dlog4j.configurationFile=${path}", "file": {"id": "client-1.12.xml", "sha1": "ef4f57b922df243d0cef096efe808c72db042149", "size": 877, "url": "https://launcher.mojang.com/v1/objects/ef4f57b922df243d0cef096efe808c72db042149/client-1.12.xml"}, "type": "log4j2-xml"}}, "mainClass": "net.minecraft.client.main.Main", "minecraftArguments": "--username ${auth_player_name} --version ${version_name} --gameDir ${game_directory} --assetsDir ${assets_root} --assetIndex ${assets_index_name} --uuid ${auth_uuid} --accessToken ${auth_access_token} --userType ${user_type} --versionType ${version_type}", "minimumLauncherVersion": 18, "releaseTime": "2017-09-18T08:39:46+00:00", "time": "2017-09-18T08:39:46+00:00", "type": "release"}